id;street_address;postal_code;city;state_province
1;protocol neural-net;Savings Account Guinea-Bissau;Lemuelchester;Mouse Programmable
2;virtual Principal Gorgeous Steel Shirt;extranet;Adellaton;Vista
3;Auto Loan Account zero tolerance Research;Unbranded Metal Keyboard International systems;New Bianka;parse copying copying
4;turquoise olive payment;salmon;West Hoyt;schemas Officer
5;mint green Web;XSS;East Curt;Rubber paradigm Highway
6;Customer;empower Missouri;New Sofiaside;Research
7;circuit fault-tolerant;Small Plastic Chips Money Market Account;Port Dudley;technologies
8;e-markets France Azerbaijan;multi-byte auxiliary;Paucekstad;overriding Tools
9;input Nepalese Rupee Assistant;HDD bluetooth;Murazikchester;system parsing user-centric
10;Plastic feed target;navigating Baby Architect;Haneport;Buckinghamshire Home Automated
