id;description;file;file_content_type;file_url;created_on;created_by_major_admin_id
1;niches Small;../fake-data/blob/hipster.png;image/png;Compatible Pa'anga hack;2021-03-27T13:06:42;8202
2;Gloves Fiji Cheese;../fake-data/blob/hipster.png;image/png;Consultant analyzing;2021-03-27T12:22:00;3578
3;Plastic deposit;../fake-data/blob/hipster.png;image/png;maximize;2021-03-26T15:59:11;73048
4;card North Korean Won;../fake-data/blob/hipster.png;image/png;Directives synthesizing;2021-03-27T02:14:51;6605
5;platforms bandwidth;../fake-data/blob/hipster.png;image/png;Electronics invoice Tasty Rubber Sausages;2021-03-26T19:08:48;2230
6;Security Quality;../fake-data/blob/hipster.png;image/png;synergistic Home Loan Account;2021-03-27T04:14:33;33195
7;orange cohesive extensible;../fake-data/blob/hipster.png;image/png;Som Granite;2021-03-26T23:34:16;66225
8;Small Soft Computer Bedfordshire;../fake-data/blob/hipster.png;image/png;Checking Account metrics olive;2021-03-27T13:30:22;90644
9;neural global;../fake-data/blob/hipster.png;image/png;Cotton;2021-03-27T01:09:55;76660
10;Fresh;../fake-data/blob/hipster.png;image/png;payment Programmable;2021-03-26T21:00:29;85977
