id;needful_service_docment_id;upload_document;upload_document_content_type
1;57124;../fake-data/blob/hipster.png;image/png
2;92171;../fake-data/blob/hipster.png;image/png
3;21928;../fake-data/blob/hipster.png;image/png
4;18100;../fake-data/blob/hipster.png;image/png
5;95260;../fake-data/blob/hipster.png;image/png
6;6014;../fake-data/blob/hipster.png;image/png
7;9153;../fake-data/blob/hipster.png;image/png
8;75490;../fake-data/blob/hipster.png;image/png
9;69131;../fake-data/blob/hipster.png;image/png
10;87408;../fake-data/blob/hipster.png;image/png
